,0,1,2,3
0,190,23,有限会社ウタニ,7000
1,190,28,有限会社坂本システム,7000
2,190,30,株式会社平安堂,7000
3,190,34,有限会社魚勝,7000
4,190,41,有限会社山地内装工芸,7000
5,190,44,広島ラヂエーター株式会社,7000
6,190,50,みどり観光開発株式会社,15000
7,190,79,株式会社昇和興業,7000
8,190,90,株式会社福広,7000
9,190,156,株式会社ティアンドエス,7000
10,190,172,有限会社モノ,7000
11,190,183,有限会社ソラノビル,7000
12,190,184,有限会社ショウワ,7000
13,190,190,ＢＯＰＯｅｊａｐａｎ株式会社,7000
14,190,197,医療法人社団益田歯科クリニック,7000
15,190,209,弁護士法人リーガルジャパン,9000
16,190,211,有限会社佐久間運送,7000
17,190,217,株式会社ＮＫ興産,7000
18,190,218,みつば産業有限会社,7000
19,190,223,有限会社たけだ工業所,7000
20,190,224,純薬株式会社,11000
21,190,230,株式会社ＦＩＯＲＥ,7000
22,190,260,医療法人社団向井眼科,7000
23,190,276,株式会社サンシーモールド,7000
24,190,286,株式会社環境開発公社,33000
25,190,295,シーエムシー株式会社,7000
26,190,306,有限会社バイカーズ・ベア,8000
27,190,309,有限会社エヌ・ケー・オー,7000
28,190,349,有限会社武田建工,7000
29,190,363,株式会社ＮＫ,7000
30,190,377,徳広商事株式会社,7000
31,190,392,株式会社はる整骨院,7000
32,190,417,合同会社ｄｅｆｉ,7000
33,190,438,メイク・アップリフォーム株式会社,8000
34,190,446,株式会社眞電,7000
35,190,461,有限会社タッケン,7000
36,190,463,株式会社星光,7000
37,190,464,医療法人社団松成会,10000
38,190,465,株式会社スズキプラザ北,7000
39,190,498,株式会社ＢＯＳＣＨｌｕｆｔ,7000
40,190,506,有限会社大上家具工業,7000
41,190,532,巴屋清信有限会社,7000
42,190,573,有限会社デンスケ,7000
43,190,584,株式会社エデュコム,11000
44,190,588,株式会社大塚塗装,7000
45,190,612,株式会社環境開発ホールディングス,7000
46,190,613,株式会社フィット,7000
47,190,632,未来夢株式会社,11000
48,190,634,株式会社ブライトシステム,7000
49,190,647,株式会社エビデ警備,7000
50,190,651,株式会社イグニス,7000
51,190,668,メディアワークス株式会社,7000
52,190,674,ＨａｐｐｙＣｌｏｖｅｒ株式会社,7000
